"User ID","Full Name",Age,Gender,Email,"Date Registered"
56,"Juan adasd Cruz",23,Male,Jenmaracantilado.alano@gmail.com,04/21/2025
55,"Julian David Hall",22,"Prefer not to say",julian.h@email.com,04/17/2025
54,"Penelope asdasd Rivera",23,"Prefer not to say",ssssss@gamil.com,04/17/2025
53,"Penelope asdasd Rivera",23,Male,asda@gmail.com,04/17/2025
52,"Penelope asdasd Rivera",23,Male,tmc.jenmar.alano@gmail.com,04/17/2025
51,"Penelope asdasd Rivera",12,Male,jenmar@gmail.com,04/17/2025
50,"Addison Faith Phillips",29,"Prefer not to say",addison.p@email.com,05/18/2022
49,"Owen Joseph Roberts",35,Male,owen.r@email.com,05/15/2022
48,"Hannah Joyce Carter",26,"Prefer not to say",hannah.c@email.com,05/12/2022
47,"Wyatt Thomas Mitchell",28,Male,wyatt.m@email.com,05/10/2022
46,"Penelope Grace Rivera",32,Female,penelope.r@email.com,05/08/2022
44,"Zoey Marie Baker",27,Female,zoey.b@email.com,05/02/2022
43,"Carter John Nelson",34,Male,carter.n@email.com,04/30/2022
42,"Lily Anne Adams",31,Female,lily.a@email.com,04/28/2022
41,"Gabriel Christian Green",29,Male,gabriel.g@email.com,04/25/2022
40,"Chloe Dawn Flores",30,Female,chloe.f@email.com,04/22/2022
39,"Aiden Ryan Hill",32,Male,aiden.h@email.com,04/20/2022
38,"Madison Paige Nguyen",26,Female,madison.n@email.com,04/18/2022
37,"Sebastian Mark Torres",28,Male,sebastian.t@email.com,04/15/2022
36,"Scarlett June Scott",33,Female,scarlett.s@email.com,04/12/2022
35,"Jackson Luke Wright",27,Male,jackson.w@email.com,04/10/2022
34,"Avery Mae King",30,Female,avery.k@email.com,04/08/2022
33,"Samuel Peter Allen",31,Male,samuel.a@email.com,04/05/2022
32,"Victoria Lynn Young",29,Female,victoria.y@email.com,04/02/2022
31,"William George Walker",45,Male,william.w@email.com,03/30/2022
30,"Sofia Claire Robinson",26,Female,sofia.r@email.com,03/28/2022
29,"Jacob Andrew Lewis",28,Male,jacob.l@email.com,03/25/2022
28,"Elizabeth Joy Ramirez",32,Female,elizabeth.r@email.com,03/22/2022
27,"Logan Henry Clark",30,Male,logan.c@email.com,03/20/2022
26,"Abigail Ruth Sanchez",27,Female,abigail.s@email.com,03/18/2022
25,"Nathan Scott Harris",34,Male,nathan.h@email.com,03/15/2022
24,"Evelyn Hope White",29,Female,evelyn.w@email.com,03/12/2022
23,"Benjamin Charles Thompson",41,Male,benjamin.t@email.com,03/10/2022
22,"Harper Faith Perez",28,Female,harper.p@email.com,03/08/2022
21,"James Daniel Lee",33,Male,james.l@email.com,03/05/2022
20,"Amelia Kate Martin",30,Female,amelia.m@email.com,03/02/2022
19,"Ryan Patrick Jackson",27,Male,ryan.j@email.com,02/28/2022
18,"Charlotte Louise Moore",35,Female,charlotte.m@email.com,02/25/2022
17,"Ethan Alvarez Taylor",31,Male,ethan.t@email.com,02/22/2022
16,"Mia Santos Villanueva",23,Female,mia.v@email.com,02/20/2022
15,"Fernando Diaz Del Rosario",52,Male,fernando.d@email.com,02/18/2022
14,"Isabel Reyes Ortiz",30,Female,isabel.o@email.com,02/15/2022
13,"Luis Cruz Ramos",37,Male,luis.r@email.com,02/12/2022
12,"Sofia Vargas Aquino",24,Female,sofia.a@email.com,02/10/2022
11,"Ramon Rivera Mendoza",48,Male,ramon.m@email.com,02/08/2022
10,"Elena Gomez Flores",36,Female,elena.f@email.com,02/05/2022
9,"Carlos Ramirez Torres",29,Male,carlos.t@email.com,02/01/2022
8,"Teresa Fernandez Romero",33,Female,teresa.r@email.com,01/28/2022
7,"Antonio Castro Sanchez",39,Male,antonio.s@email.com,01/25/2022
6,"Carmen Lopez Martinez",26,Female,carmen.m@email.com,01/22/2022
5,"Jose Alvarez Garcia",45,Male,jose.g@email.com,01/20/2022
4,"Ana Perez Diaz",31,Female,ana.diaz@email.com,01/18/2022
3,"Pedro Gonzales Bautista",42,Male,pedro.b@email.com,01/15/2022
2,"Maria Santos Reyes",28,Female,maria.reyes@email.com,01/12/2022
1,"Juan Dela Cruz",35,Male,juan.cruz@email.com,01/10/2022
